case,relaxation_time,power_law_index,seeds,brinkman_reporting_values
lam5_n0.3,5.0,0.3,"[42, 0, 1, 2, 3]","[0.1, 1.0]"
lam5_n0.5,5.0,0.5,"[42, 0, 1, 2, 3]","[0.1, 1.0]"
lam5_n0.9,5.0,0.9,"[42, 0, 1, 2, 3]","[0.1, 1.0]"
lam2_n0.3,2.0,0.3,"[42, 0, 1, 2, 3]","[0.1, 1.0]"
lam2_n0.5,2.0,0.5,"[42, 0, 1, 2, 3]","[0.1, 1.0]"
lam2_n0.9,2.0,0.9,"[42, 0, 1, 2, 3]","[0.1, 1.0]"
lam0.5_n0.3,0.5,0.3,"[42, 0, 1, 2, 3]","[0.1, 1.0]"
lam0.5_n0.5,0.5,0.5,"[42, 0, 1, 2, 3]","[0.1, 1.0]"
lam0.5_n0.9,0.5,0.9,"[42, 0, 1, 2, 3]","[0.1, 1.0]"
