case,relaxation_time,power_law_index,seed,field,brinkman_number,rmse,mae,relative_l2,max_abs_error,r2
lam5_n0.3,5.0,0.3,42,u(y),,8.51793960352345e-05,7.751366196599729e-05,1.7404936699224172e-05,0.00013065118784361118,0.9999999973035496
lam5_n0.3,5.0,0.3,42,theta(y),,0.0001626066546210918,0.00015428839194440018,2.221543191029441e-05,0.00021469265902496204,0.9999999936641015
lam5_n0.3,5.0,0.3,42,T(y),0.1,1.6260665462108432e-05,1.5428839194438707e-05,2.221543191029339e-05,2.146926590251841e-05,0.9999999936641015
lam5_n0.3,5.0,0.3,42,T(y),1.0,0.0001626066546210918,0.00015428839194440018,2.221543191029441e-05,0.00021469265902496204,0.9999999936641015
lam5_n0.3,5.0,0.3,42,mu_app(y),,3.463514025173987e-05,1.9896475078575716e-05,7.723384064448143e-05,0.0001412580082990056,0.9999999882359293
lam5_n0.3,5.0,0.3,0,u(y),,0.00034074682604164937,0.0003174220214538649,6.962572187367035e-05,0.00042667046165334455,0.9999999568493882
lam5_n0.3,5.0,0.3,0,theta(y),,0.0007726111374744951,0.0007391588823067348,0.00010555465984891753,0.0009003271930563272,0.9999998569613141
lam5_n0.3,5.0,0.3,0,T(y),0.1,7.726111374745307e-05,7.391588823067641e-05,0.00010555465984892237,9.003271930563272e-05,0.9999998569613141
lam5_n0.3,5.0,0.3,0,T(y),1.0,0.0007726111374744951,0.0007391588823067348,0.00010555465984891753,0.0009003271930563272,0.9999998569613141
lam5_n0.3,5.0,0.3,0,mu_app(y),,3.562830944149424e-05,2.1319296891843704e-05,7.944853561545513e-05,0.00013355370901724228,0.9999999875515821
lam5_n0.3,5.0,0.3,1,u(y),,0.000212402809255116,0.0001955368666857997,4.3400841305489797e-05,0.0003230846814128441,0.9999999832334452
lam5_n0.3,5.0,0.3,1,theta(y),,0.00048794521887373944,0.0004667704772761561,6.666340815572754e-05,0.0005711501957534892,0.9999999429476265
lam5_n0.3,5.0,0.3,1,T(y),0.1,4.8794521887375865e-05,4.66770477276172e-05,6.666340815573016e-05,5.711501957528231e-05,0.9999999429476265
lam5_n0.3,5.0,0.3,1,T(y),1.0,0.00048794521887373944,0.0004667704772761561,6.666340815572754e-05,0.0005711501957534892,0.9999999429476265
lam5_n0.3,5.0,0.3,1,mu_app(y),,5.4491649039595124e-05,2.911942871440895e-05,0.00012151240929846335,0.00022360714791980207,0.9999999708805192
lam5_n0.3,5.0,0.3,2,u(y),,0.00017681248774333735,0.00016372507733639714,3.612857451504074e-05,0.0002298443058119659,0.9999999883815234
lam5_n0.3,5.0,0.3,2,theta(y),,0.0004159591544154715,0.0003970726648637214,5.6828622997708054e-05,0.0004933672348226281,0.9999999585396507
lam5_n0.3,5.0,0.3,2,T(y),0.1,4.159591544154685e-05,3.970726648637154e-05,5.682862299770763e-05,4.9336723482285016e-05,0.9999999585396507
lam5_n0.3,5.0,0.3,2,T(y),1.0,0.0004159591544154715,0.0003970726648637214,5.6828622997708054e-05,0.0004933672348226281,0.9999999585396507
lam5_n0.3,5.0,0.3,2,mu_app(y),,2.6545004349140918e-05,1.578195461231053e-05,5.919342670210861e-05,9.948327954328873e-05,0.9999999930898206
lam5_n0.3,5.0,0.3,3,u(y),,0.00037110440700336767,0.00034601718341640403,7.582876861471227e-05,0.00048686899102090564,0.9999999488182015
lam5_n0.3,5.0,0.3,3,theta(y),,0.0008163814987113471,0.0007822263019872022,0.00011153459641431901,0.0009779429853633559,0.9999998402952289
lam5_n0.3,5.0,0.3,3,T(y),0.1,8.163814987113417e-05,7.82226301987197e-05,0.00011153459641431828,9.779429853629118e-05,0.9999998402952289
lam5_n0.3,5.0,0.3,3,T(y),1.0,0.0008163814987113471,0.0007822263019872022,0.00011153459641431901,0.0009779429853633559,0.9999998402952289
lam5_n0.3,5.0,0.3,3,mu_app(y),,4.917363233417543e-05,3.0279503596696505e-05,0.00010965361930120205,0.00015826763433496316,0.9999999762869015
lam5_n0.5,5.0,0.5,42,u(y),,5.9188637241665245e-06,3.963794415459704e-06,4.658464888115711e-06,1.6749725632925205e-05,0.9999999998334982
lam5_n0.5,5.0,0.5,42,theta(y),,5.2752972688704e-06,4.093598239392724e-06,2.509199976090094e-06,1.4789340248455574e-05,0.999999999927797
lam5_n0.5,5.0,0.5,42,T(y),0.1,5.275297268872454e-07,4.0935982393880166e-07,2.509199976091071e-06,1.4789340248566596e-06,0.999999999927797
lam5_n0.5,5.0,0.5,42,T(y),1.0,5.2752972688704e-06,4.093598239392724e-06,2.509199976090094e-06,1.4789340248455574e-05,0.999999999927797
lam5_n0.5,5.0,0.5,42,mu_app(y),,2.5014379162991333e-05,1.4912508296983814e-05,4.451891411628742e-05,8.746587168151354e-05,0.9999999904600543
lam5_n0.5,5.0,0.5,0,u(y),,1.4933710395121916e-05,1.3172507587621281e-05,1.1753635286604006e-05,2.7065288362937423e-05,0.9999999989400686
lam5_n0.5,5.0,0.5,0,theta(y),,3.870631761805304e-05,3.551867593080056e-05,1.8410695415189556e-05,6.63279515897841e-05,0.9999999961129035
lam5_n0.5,5.0,0.5,0,T(y),0.1,3.870631761806055e-06,3.5518675930806565e-06,1.8410695415193134e-05,6.6327951589728595e-06,0.9999999961129035
lam5_n0.5,5.0,0.5,0,T(y),1.0,3.870631761805304e-05,3.551867593080056e-05,1.8410695415189556e-05,6.63279515897841e-05,0.9999999961129035
lam5_n0.5,5.0,0.5,0,mu_app(y),,1.6935072931293816e-05,1.1300141931761064e-05,3.013990682993929e-05,5.849690563186627e-05,0.9999999956273916
lam5_n0.5,5.0,0.5,1,u(y),,2.7433468498503314e-05,2.4510410498079858e-05,2.1591618884163827e-05,5.016841697536023e-05,0.9999999964231253
lam5_n0.5,5.0,0.5,1,theta(y),,6.61500327182716e-05,6.217310271642455e-05,3.146432363054075e-05,9.540032675703358e-05,0.9999999886467099
lam5_n0.5,5.0,0.5,1,T(y),0.1,6.615003271828667e-06,6.217310271643681e-06,3.146432363054793e-05,9.540032675725563e-06,0.9999999886467099
lam5_n0.5,5.0,0.5,1,T(y),1.0,6.61500327182716e-05,6.217310271642455e-05,3.146432363054075e-05,9.540032675703358e-05,0.9999999886467099
lam5_n0.5,5.0,0.5,1,mu_app(y),,2.7686850079817823e-05,1.7262078212918216e-05,4.927519858967937e-05,9.511868785416766e-05,0.9999999883127174
lam5_n0.5,5.0,0.5,2,u(y),,8.898348864387497e-06,8.02678075022616e-06,7.0034803433138176e-06,1.3941504253267567e-05,0.9999999996236767
lam5_n0.5,5.0,0.5,2,theta(y),,3.107561385652413e-05,2.8022259819789212e-05,1.4781144184216202e-05,5.627510694949933e-05,0.9999999974944617
lam5_n0.5,5.0,0.5,2,T(y),0.1,3.107561385653532e-06,2.80222598197995e-06,1.4781144184221531e-05,5.627510694938831e-06,0.9999999974944617
lam5_n0.5,5.0,0.5,2,T(y),1.0,3.107561385652413e-05,2.8022259819789212e-05,1.4781144184216202e-05,5.627510694949933e-05,0.9999999974944617
lam5_n0.5,5.0,0.5,2,mu_app(y),,1.1709578421194077e-05,7.31901547026038e-06,2.0839922217311294e-05,3.991233819833351e-05,0.9999999979095058
lam5_n0.5,5.0,0.5,3,u(y),,2.8469498053514888e-05,2.5611348693005093e-05,2.2407030005282548e-05,4.398158213336778e-05,0.9999999961478614
lam5_n0.5,5.0,0.5,3,theta(y),,7.465857580007677e-05,7.078610201524672e-05,3.5511419937968126e-05,9.309299534443483e-05,0.9999999855382447
lam5_n0.5,5.0,0.5,3,T(y),0.1,7.4658575800087e-06,7.078610201525362e-06,3.5511419937972985e-05,9.309299534437931e-06,0.9999999855382447
lam5_n0.5,5.0,0.5,3,T(y),1.0,7.465857580007677e-05,7.078610201524672e-05,3.5511419937968126e-05,9.309299534443483e-05,0.9999999855382447
lam5_n0.5,5.0,0.5,3,mu_app(y),,2.6405789582832966e-05,1.860371582572597e-05,4.6995253048299904e-05,8.998845076702011e-05,0.999999989369229
lam5_n0.9,5.0,0.9,42,u(y),,6.9495889893636745e-06,5.492647738607756e-06,1.6537203442473257e-05,1.6488303590911357e-05,0.9999999983276118
lam5_n0.9,5.0,0.9,42,theta(y),,4.522155282091756e-05,3.741165780588533e-05,5.688393385495733e-05,8.643419092058124e-05,0.9999999677743868
lam5_n0.9,5.0,0.9,42,T(y),0.1,4.522155282091496e-06,3.741165780588468e-06,5.6883933854954064e-05,8.643419092055349e-06,0.9999999677743868
lam5_n0.9,5.0,0.9,42,T(y),1.0,4.522155282091756e-05,3.741165780588533e-05,5.688393385495733e-05,8.643419092058124e-05,0.9999999677743868
lam5_n0.9,5.0,0.9,42,mu_app(y),,1.3389548350686715e-05,1.0532753228849539e-05,1.4724219292191006e-05,3.445793543499498e-05,0.9999999317102185
lam5_n0.9,5.0,0.9,0,u(y),,3.3700984105267097e-06,2.6533027317895037e-06,8.01946749963683e-06,6.816723500724375e-06,0.999999999606718
lam5_n0.9,5.0,0.9,0,theta(y),,3.604934487828992e-05,2.5901571986254403e-05,4.5346265699718645e-05,0.00010236074237557347,0.9999999795211766
lam5_n0.9,5.0,0.9,0,T(y),0.1,3.6049344878288855e-06,2.590157198625158e-06,4.5346265699717296e-05,1.0236074237557347e-05,0.9999999795211766
lam5_n0.9,5.0,0.9,0,T(y),1.0,3.604934487828992e-05,2.5901571986254403e-05,4.5346265699718645e-05,0.00010236074237557347,0.9999999795211766
lam5_n0.9,5.0,0.9,0,mu_app(y),,7.95837405579164e-06,5.9962919780363115e-06,8.751665234529715e-06,2.3476290020085777e-05,0.9999999758747089
lam5_n0.9,5.0,0.9,1,u(y),,4.408636093582279e-06,3.547112871124001e-06,1.049076601436199e-05,9.785978088705516e-06,0.9999999993269809
lam5_n0.9,5.0,0.9,1,theta(y),,1.4872985654337247e-05,1.0659761727034512e-05,1.8708643985257184e-05,3.695854798257958e-05,0.999999996514167
lam5_n0.9,5.0,0.9,1,T(y),0.1,1.4872985654336878e-06,1.0659761727035329e-06,1.8708643985256717e-05,3.695854798257958e-06,0.999999996514167
lam5_n0.9,5.0,0.9,1,T(y),1.0,1.4872985654337247e-05,1.0659761727034512e-05,1.8708643985257184e-05,3.695854798257958e-05,0.999999996514167
lam5_n0.9,5.0,0.9,1,mu_app(y),,9.39124588728033e-06,7.596778153093349e-06,1.0327365811716157e-05,2.3399189123640696e-05,0.9999999664053368
lam5_n0.9,5.0,0.9,2,u(y),,3.2835806599151065e-06,2.7128382777505524e-06,7.813590339787662e-06,6.887450316739319e-06,0.9999999996266516
lam5_n0.9,5.0,0.9,2,theta(y),,2.630862588938365e-05,1.875137936683245e-05,3.3093470735801064e-05,6.828500316702346e-05,0.9999999890929682
lam5_n0.9,5.0,0.9,2,T(y),0.1,2.630862588938133e-06,1.8751379366833777e-06,3.309347073579815e-05,6.828500316705122e-06,0.9999999890929682
lam5_n0.9,5.0,0.9,2,T(y),1.0,2.630862588938365e-05,1.875137936683245e-05,3.3093470735801064e-05,6.828500316702346e-05,0.9999999890929682
lam5_n0.9,5.0,0.9,2,mu_app(y),,6.913051800786311e-06,5.611245007212348e-06,7.6021451976633e-06,1.8463184601635874e-05,0.9999999817961399
lam5_n0.9,5.0,0.9,3,u(y),,7.274536760413782e-06,5.723371467009404e-06,1.7310447357510298e-05,1.6925211572593746e-05,0.9999999981675609
lam5_n0.9,5.0,0.9,3,theta(y),,4.871874215352423e-05,3.7913521835710434e-05,6.128302840754956e-05,0.0001085961943415592,0.9999999625973492
lam5_n0.9,5.0,0.9,3,T(y),0.1,4.871874215352071e-06,3.7913521835707406e-06,6.128302840754513e-05,1.0859619434158696e-05,0.9999999625973492
lam5_n0.9,5.0,0.9,3,T(y),1.0,4.871874215352423e-05,3.7913521835710434e-05,6.128302840754956e-05,0.0001085961943415592,0.9999999625973492
lam5_n0.9,5.0,0.9,3,mu_app(y),,1.1384764388192213e-05,8.73241513332596e-06,1.2519598350236471e-05,2.9543550790989137e-05,0.9999999506289957
lam2_n0.3,2.0,0.3,42,u(y),,1.5884708927785598e-05,1.4443324814210292e-05,1.5739235284058732e-05,2.793574275061772e-05,0.9999999977850696
lam2_n0.3,2.0,0.3,42,theta(y),,2.898292816343672e-05,2.522542255049658e-05,1.902253616723318e-05,5.5290413763620094e-05,0.9999999955314883
lam2_n0.3,2.0,0.3,42,T(y),0.1,2.898292816342394e-06,2.522542255048381e-06,1.902253616722479e-05,5.529041376350907e-06,0.9999999955314883
lam2_n0.3,2.0,0.3,42,T(y),1.0,2.898292816343672e-05,2.522542255049658e-05,1.902253616723318e-05,5.5290413763620094e-05,0.9999999955314883
lam2_n0.3,2.0,0.3,42,mu_app(y),,2.721026267105914e-05,2.1314707384423247e-05,3.90293579924947e-05,6.284528209754559e-05,0.9999999897273361
lam2_n0.3,2.0,0.3,0,u(y),,1.4061064477487937e-05,1.2790132410095075e-05,1.3932291939475576e-05,2.807795648973599e-05,0.9999999982644467
lam2_n0.3,2.0,0.3,0,theta(y),,3.6543947754665844e-05,3.0375310987156037e-05,2.3985104746372202e-05,7.083050765954724e-05,0.9999999928958963
lam2_n0.3,2.0,0.3,0,T(y),0.1,3.6543947754657723e-06,3.0375310987148307e-06,2.3985104746366872e-05,7.08305076593807e-06,0.9999999928958963
lam2_n0.3,2.0,0.3,0,T(y),1.0,3.6543947754665844e-05,3.0375310987156037e-05,2.3985104746372202e-05,7.083050765954724e-05,0.9999999928958963
lam2_n0.3,2.0,0.3,0,mu_app(y),,2.154016110168573e-05,1.4759145078660393e-05,3.089638159751648e-05,6.19020958829708e-05,0.9999999935625257
lam2_n0.3,2.0,0.3,1,u(y),,7.229461287135937e-05,6.655588851905885e-05,7.163253207378029e-05,0.00010553735906904116,0.9999999541210545
lam2_n0.3,2.0,0.3,1,theta(y),,0.00016145519973675965,0.00015307335205767546,0.00010596884341917307,0.0002228685610512482,0.999999861330022
lam2_n0.3,2.0,0.3,1,T(y),0.1,1.6145519973675213e-05,1.5307335205766672e-05,0.00010596884341916812,2.2286856105113717e-05,0.999999861330022
lam2_n0.3,2.0,0.3,1,T(y),1.0,0.00016145519973675965,0.00015307335205767546,0.00010596884341917307,0.0002228685610512482,0.999999861330022
lam2_n0.3,2.0,0.3,1,mu_app(y),,4.860081386436072e-05,3.488844513820992e-05,6.971114487094733e-05,0.00014258943021305814,0.9999999672278679
lam2_n0.3,2.0,0.3,2,u(y),,3.173391522946828e-06,2.093239814103914e-06,3.144329307837081e-06,1.1248008316866454e-05,0.9999999999116007
lam2_n0.3,2.0,0.3,2,theta(y),,1.2410648625063743e-05,9.106843020501802e-06,8.145554203419858e-06,2.9581014455493104e-05,0.999999999180654
lam2_n0.3,2.0,0.3,2,T(y),0.1,1.2410648625066336e-06,9.106843020504343e-07,8.14555420342156e-06,2.9581014455437593e-06,0.999999999180654
lam2_n0.3,2.0,0.3,2,T(y),1.0,1.2410648625063743e-05,9.106843020501802e-06,8.145554203419858e-06,2.9581014455493104e-05,0.999999999180654
lam2_n0.3,2.0,0.3,2,mu_app(y),,1.370657093056202e-05,9.688587354921496e-06,1.966018006387747e-05,4.1647264536703865e-05,0.9999999973933948
lam2_n0.3,2.0,0.3,3,u(y),,1.3535934212165516e-05,1.2415383246483376e-05,1.3411970866029127e-05,2.0939256311858223e-05,0.9999999983916594
lam2_n0.3,2.0,0.3,3,theta(y),,3.4185327390829594e-05,2.8002134423646595e-05,2.2437057533101e-05,7.147619094838298e-05,0.9999999937833294
lam2_n0.3,2.0,0.3,3,T(y),0.1,3.4185327390824958e-06,2.800213442364506e-06,2.2437057533097954e-05,7.147619094816093e-06,0.9999999937833294
lam2_n0.3,2.0,0.3,3,T(y),1.0,3.4185327390829594e-05,2.8002134423646595e-05,2.2437057533101e-05,7.147619094838298e-05,0.9999999937833294
lam2_n0.3,2.0,0.3,3,mu_app(y),,1.711595762943286e-05,1.3783365168688268e-05,2.4550473686313132e-05,3.6359520105111454e-05,0.9999999959353794
lam2_n0.5,2.0,0.5,42,u(y),,1.5134821958179454e-05,1.3287162442148163e-05,2.5867205811932755e-05,3.137907206274271e-05,0.9999999952421779
lam2_n0.5,2.0,0.5,42,theta(y),,8.063621028564035e-05,5.989585895418174e-05,7.932273163491113e-05,0.0001774114155987938,0.9999999320370828
lam2_n0.5,2.0,0.5,42,T(y),0.1,8.063621028563812e-06,5.989585895418152e-06,7.932273163490896e-05,1.7741141559876605e-05,0.9999999320370828
lam2_n0.5,2.0,0.5,42,T(y),1.0,8.063621028564035e-05,5.989585895418174e-05,7.932273163491113e-05,0.0001774114155987938,0.9999999320370828
lam2_n0.5,2.0,0.5,42,mu_app(y),,2.8864386432513183e-05,1.7357305858538468e-05,3.6344375093718065e-05,8.684466171804406e-05,0.9999999698268964
lam2_n0.5,2.0,0.5,0,u(y),,8.101245511087904e-06,6.986095566125426e-06,1.3845989437295927e-05,1.7846448852498753e-05,0.9999999986368076
lam2_n0.5,2.0,0.5,0,theta(y),,4.668082764428848e-05,3.6045815034713376e-05,4.592044629337991e-05,0.0001128990853684897,0.9999999772234003
lam2_n0.5,2.0,0.5,0,T(y),0.1,4.668082764429126e-06,3.6045815034716746e-06,4.592044629338265e-05,1.128990853685452e-05,0.9999999772234003
lam2_n0.5,2.0,0.5,0,T(y),1.0,4.668082764428848e-05,3.6045815034713376e-05,4.592044629337991e-05,0.0001128990853684897,0.9999999772234003
lam2_n0.5,2.0,0.5,0,mu_app(y),,1.841805172845943e-05,1.305983655782711e-05,2.3190951315723103e-05,5.427634306220952e-05,0.9999999877147867
lam2_n0.5,2.0,0.5,1,u(y),,3.5062804793644226e-06,2.464600379870127e-06,5.992649206227707e-06,1.0444130369768878e-05,0.9999999997446435
lam2_n0.5,2.0,0.5,1,theta(y),,2.919190103535016e-05,2.3946689344472767e-05,2.871639581693391e-05,6.022609479172658e-05,0.9999999910928954
lam2_n0.5,2.0,0.5,1,T(y),0.1,2.9191901035352995e-06,2.394668934447411e-06,2.87163958169367e-05,6.0226094791698825e-06,0.9999999910928954
lam2_n0.5,2.0,0.5,1,T(y),1.0,2.919190103535016e-05,2.3946689344472767e-05,2.871639581693391e-05,6.022609479172658e-05,0.9999999910928954
lam2_n0.5,2.0,0.5,1,mu_app(y),,1.0004677539229019e-05,6.7248826429298585e-06,1.2597314480513497e-05,2.926769081501579e-05,0.9999999963750542
lam2_n0.5,2.0,0.5,2,u(y),,8.66291693853954e-06,7.261604522588543e-06,1.4805952524586922e-05,1.875698935027703e-05,0.9999999984412306
lam2_n0.5,2.0,0.5,2,theta(y),,4.665961528616648e-05,3.614387561703223e-05,4.58995794621549e-05,9.731096345744206e-05,0.9999999772440955
lam2_n0.5,2.0,0.5,2,T(y),0.1,4.665961528616892e-06,3.6143875617033975e-06,4.5899579462157296e-05,9.731096345749757e-06,0.9999999772440955
lam2_n0.5,2.0,0.5,2,T(y),1.0,4.665961528616648e-05,3.614387561703223e-05,4.58995794621549e-05,9.731096345744206e-05,0.9999999772440955
lam2_n0.5,2.0,0.5,2,mu_app(y),,2.1818619560399e-05,1.7574467870282805e-05,2.7472750726377765e-05,4.8468135741219776e-05,0.9999999827594998
lam2_n0.5,2.0,0.5,3,u(y),,1.1299050341220706e-05,9.965149032767664e-06,1.9311417171827927e-05,2.286089548486636e-05,0.9999999973482202
lam2_n0.5,2.0,0.5,3,theta(y),,5.110932989790636e-05,3.952180720693313e-05,5.027681292524388e-05,0.00012285145322254998,0.9999999726968869
lam2_n0.5,2.0,0.5,3,T(y),0.1,5.110932989790142e-06,3.9521807206930606e-06,5.0276812925239024e-05,1.2285145322254998e-05,0.9999999726968869
lam2_n0.5,2.0,0.5,3,T(y),1.0,5.110932989790636e-05,3.952180720693313e-05,5.027681292524388e-05,0.00012285145322254998,0.9999999726968869
lam2_n0.5,2.0,0.5,3,mu_app(y),,2.2381530736236892e-05,1.7666571725075428e-05,2.818153609990136e-05,5.3040632468581705e-05,0.9999999818584289
lam2_n0.9,2.0,0.9,42,u(y),,7.999008612476762e-06,6.03690009178688e-06,2.065110736508153e-05,1.9206140764449486e-05,0.9999999974198676
lam2_n0.9,2.0,0.9,42,theta(y),,6.822205303900603e-05,5.608254177154586e-05,9.255327047783892e-05,0.00014192351268416115,0.9999999152846367
lam2_n0.9,2.0,0.9,42,T(y),0.1,6.822205303900112e-06,5.60825417715406e-06,9.255327047783224e-05,1.4192351268413339e-05,0.9999999152846367
lam2_n0.9,2.0,0.9,42,T(y),1.0,6.822205303900603e-05,5.608254177154586e-05,9.255327047783892e-05,0.00014192351268416115,0.9999999152846367
lam2_n0.9,2.0,0.9,42,mu_app(y),,5.330176822839514e-06,4.203189921553344e-06,5.532434998522818e-06,1.3209216416121272e-05,0.9999999598540481
lam2_n0.9,2.0,0.9,0,u(y),,5.243996013128429e-06,4.07298600318343e-06,1.3538468319718822e-05,1.1754376967265667e-05,0.9999999988910949
lam2_n0.9,2.0,0.9,0,theta(y),,3.0187721164466625e-05,2.4455043258985568e-05,4.095409325261738e-05,6.651272429625266e-05,0.9999999834127928
lam2_n0.9,2.0,0.9,0,T(y),0.1,3.018772116446637e-06,2.445504325898452e-06,4.095409325261702e-05,6.651272429616939e-06,0.9999999834127928
lam2_n0.9,2.0,0.9,0,T(y),1.0,3.0187721164466625e-05,2.4455043258985568e-05,4.095409325261738e-05,6.651272429625266e-05,0.9999999834127928
lam2_n0.9,2.0,0.9,0,mu_app(y),,4.144532506971152e-06,3.2155473159257733e-06,4.301800382274691e-06,1.0449913759424945e-05,0.9999999757277729
lam2_n0.9,2.0,0.9,1,u(y),,8.727159598269194e-06,7.078410880512214e-06,2.2530980848669822e-05,1.781408971951448e-05,0.9999999969287476
lam2_n0.9,2.0,0.9,1,theta(y),,3.160382248591722e-05,2.394317233149195e-05,4.2875243420193045e-05,6.704874411700423e-05,0.9999999818200855
lam2_n0.9,2.0,0.9,1,T(y),0.1,3.1603822485914008e-06,2.394317233149088e-06,4.287524342018868e-05,6.704874411692097e-06,0.9999999818200855
lam2_n0.9,2.0,0.9,1,T(y),1.0,3.160382248591722e-05,2.394317233149195e-05,4.2875243420193045e-05,6.704874411700423e-05,0.9999999818200855
lam2_n0.9,2.0,0.9,1,mu_app(y),,6.590519853931935e-06,5.430417256139676e-06,6.840602837436177e-06,1.4505159120714595e-05,0.9999999386241001
lam2_n0.9,2.0,0.9,2,u(y),,1.3479714364420468e-05,1.0701996441074673e-05,3.480069119516621e-05,2.8928851358911434e-05,0.999999992672918
lam2_n0.9,2.0,0.9,2,theta(y),,4.56536438530237e-05,3.742799024384461e-05,6.193589696592621e-05,0.00010081415481466571,0.9999999620629548
lam2_n0.9,2.0,0.9,2,T(y),0.1,4.565364385301486e-06,3.7427990243838985e-06,6.193589696591422e-05,1.0081415481463796e-05,0.9999999620629548
lam2_n0.9,2.0,0.9,2,T(y),1.0,4.56536438530237e-05,3.742799024384461e-05,6.193589696592621e-05,0.00010081415481466571,0.9999999620629548
lam2_n0.9,2.0,0.9,2,mu_app(y),,9.509981544937376e-06,7.987217295330209e-06,9.870846030674314e-06,1.972009799255936e-05,0.999999872203819
lam2_n0.9,2.0,0.9,3,u(y),,9.459948361243643e-06,7.6085005400060715e-06,2.442282772035671e-05,1.9880107450298556e-05,0.9999999963913297
lam2_n0.9,2.0,0.9,3,theta(y),,5.44251014171808e-05,4.4659327921870316e-05,7.383567201309688e-05,0.00012329110679931699,0.9999999460848147
lam2_n0.9,2.0,0.9,3,T(y),0.1,5.442510141717934e-06,4.465932792186815e-06,7.383567201309491e-05,1.23291106799428e-05,0.9999999460848147
lam2_n0.9,2.0,0.9,3,T(y),1.0,5.44251014171808e-05,4.4659327921870316e-05,7.383567201309688e-05,0.00012329110679931699,0.9999999460848147
lam2_n0.9,2.0,0.9,3,mu_app(y),,6.9943700921651204e-06,5.864773732738098e-06,7.259777522709152e-06,1.4620039980983712e-05,0.9999999308717211
lam0.5_n0.3,0.5,0.3,42,u(y),,3.0217552525969116e-06,2.608699767598874e-06,7.870016348298772e-06,5.15837315467893e-06,0.9999999996234057
lam0.5_n0.3,0.5,0.3,42,theta(y),,2.7033661853473906e-05,2.3548668663393022e-05,3.709488419128981e-05,4.4598369649651026e-05,0.99999998637556
lam0.5_n0.3,0.5,0.3,42,T(y),0.1,2.7033661853476074e-06,2.354866866339607e-06,3.7094884191292775e-05,4.459836964967878e-06,0.99999998637556
lam0.5_n0.3,0.5,0.3,42,T(y),1.0,2.7033661853473906e-05,2.3548668663393022e-05,3.709488419128981e-05,4.4598369649651026e-05,0.99999998637556
lam0.5_n0.3,0.5,0.3,42,mu_app(y),,2.2545482286969144e-06,1.8004858865656598e-06,2.3212148172955812e-06,4.842146318351226e-06,0.9999999924878837
lam0.5_n0.3,0.5,0.3,0,u(y),,1.896586931285193e-06,1.5894063235516782e-06,4.9395695241554205e-06,3.927702173889269e-06,0.9999999998516456
lam0.5_n0.3,0.5,0.3,0,theta(y),,4.6210340039267997e-05,3.828701242579265e-05,6.340862075910345e-05,8.73696411726188e-05,0.9999999601904529
lam0.5_n0.3,0.5,0.3,0,T(y),0.1,4.621034003926604e-06,3.828701242579296e-06,6.340862075910075e-05,8.736964117253554e-06,0.9999999601904529
lam0.5_n0.3,0.5,0.3,0,T(y),1.0,4.6210340039267997e-05,3.828701242579265e-05,6.340862075910345e-05,8.73696411726188e-05,0.9999999601904529
lam0.5_n0.3,0.5,0.3,0,mu_app(y),,1.3459382063310906e-06,9.943777289037855e-07,1.3857373587903683e-06,3.616042648646456e-06,0.9999999973227219
lam0.5_n0.3,0.5,0.3,1,u(y),,2.5360350973753056e-06,2.0912642230421413e-06,6.604981544766265e-06,4.772873652414411e-06,0.9999999997347437
lam0.5_n0.3,0.5,0.3,1,theta(y),,1.223569199054023e-05,1.002037290155139e-05,1.6789496733719666e-05,2.4099227796559042e-05,0.9999999972089605
lam0.5_n0.3,0.5,0.3,1,T(y),0.1,1.2235691990545949e-06,1.0020372901555774e-06,1.6789496733727506e-05,2.4099227796531286e-06,0.9999999972089605
lam0.5_n0.3,0.5,0.3,1,T(y),1.0,1.223569199054023e-05,1.002037290155139e-05,1.6789496733719666e-05,2.4099227796559042e-05,0.9999999972089605
lam0.5_n0.3,0.5,0.3,1,mu_app(y),,1.6884917528798944e-06,1.244402741826584e-06,1.7384201525515866e-06,4.403109233663827e-06,0.9999999957865181
lam0.5_n0.3,0.5,0.3,2,u(y),,7.136343253701031e-07,5.926783523084946e-07,1.8586263075221557e-06,1.4658908605857945e-06,0.9999999999789958
lam0.5_n0.3,0.5,0.3,2,theta(y),,2.456721443327844e-05,2.0681465379673312e-05,3.3710489509135437e-05,4.4889809465153974e-05,0.9999999887482327
lam0.5_n0.3,0.5,0.3,2,T(y),0.1,2.456721443327552e-06,2.0681465379671197e-06,3.371048950913142e-05,4.488980946515397e-06,0.9999999887482327
lam0.5_n0.3,0.5,0.3,2,T(y),1.0,2.456721443327844e-05,2.0681465379673312e-05,3.3710489509135437e-05,4.4889809465153974e-05,0.9999999887482327
lam0.5_n0.3,0.5,0.3,2,mu_app(y),,5.86616066019725e-07,4.4753554512070265e-07,6.039621983583129e-07,1.4588905973278443e-06,0.9999999994914295
lam0.5_n0.3,0.5,0.3,3,u(y),,2.063853426764716e-06,1.7273185446935215e-06,5.37520707382632e-06,3.903792406445561e-06,0.9999999998243239
lam0.5_n0.3,0.5,0.3,3,theta(y),,1.1991284036939276e-05,1.015541634041852e-05,1.6454126528107194e-05,2.4988094022293517e-05,0.999999997319349
lam0.5_n0.3,0.5,0.3,3,T(y),0.1,1.199128403693631e-06,1.0155416340414306e-06,1.645412652810312e-05,2.4988094022293517e-06,0.999999997319349
lam0.5_n0.3,0.5,0.3,3,T(y),1.0,1.1991284036939276e-05,1.015541634041852e-05,1.6454126528107194e-05,2.4988094022293517e-05,0.999999997319349
lam0.5_n0.3,0.5,0.3,3,mu_app(y),,1.4807543348060203e-06,1.235547470500174e-06,1.5245399761144176e-06,2.824511249555073e-06,0.9999999967595206
lam0.5_n0.5,0.5,0.5,42,u(y),,1.648064642843512e-06,1.30578371288007e-06,4.36180491272327e-06,3.4360981027159454e-06,0.999999999885287
lam0.5_n0.5,0.5,0.5,42,theta(y),,2.927442703407116e-05,2.4527597346287513e-05,4.063597490500991e-05,5.324059621159005e-05,0.9999999837153517
lam0.5_n0.5,0.5,0.5,42,T(y),0.1,2.927442703406596e-06,2.452759734628229e-06,4.063597490500267e-05,5.32405962115623e-06,0.9999999837153517
lam0.5_n0.5,0.5,0.5,42,T(y),1.0,2.927442703407116e-05,2.4527597346287513e-05,4.063597490500991e-05,5.324059621159005e-05,0.9999999837153517
lam0.5_n0.5,0.5,0.5,42,mu_app(y),,7.682382965019203e-07,5.330012268303424e-07,7.840291764094904e-07,2.026180430436675e-06,0.9999999981779779
lam0.5_n0.5,0.5,0.5,0,u(y),,1.2186778938407654e-06,8.881840160768552e-07,3.225380295284103e-06,2.587314341884195e-06,0.9999999999372747
lam0.5_n0.5,0.5,0.5,0,theta(y),,1.6271651808580922e-05,1.382863794665703e-05,2.2586759214347603e-05,3.2620163402663493e-05,0.9999999949688779
lam0.5_n0.5,0.5,0.5,0,T(y),0.1,1.6271651808580545e-06,1.3828637946656814e-06,2.2586759214347078e-05,3.2620163402663493e-06,0.9999999949688779
lam0.5_n0.5,0.5,0.5,0,T(y),1.0,1.6271651808580922e-05,1.382863794665703e-05,2.2586759214347603e-05,3.2620163402663493e-05,0.9999999949688779
lam0.5_n0.5,0.5,0.5,0,mu_app(y),,3.9589768022547736e-07,3.1729980123373856e-07,4.04035223944128e-07,9.850523216003992e-07,0.9999999995161312
lam0.5_n0.5,0.5,0.5,1,u(y),,2.1747234641820317e-06,1.8533090785510826e-06,5.755671982330395e-06,4.127350707150423e-06,0.9999999998002566
lam0.5_n0.5,0.5,0.5,1,theta(y),,8.008493485111633e-06,6.560581438713384e-06,1.1116628855252234e-05,1.7895878629103912e-05,0.999999998781282
lam0.5_n0.5,0.5,0.5,1,T(y),0.1,8.008493485109827e-07,6.56058143871246e-07,1.111662885524973e-05,1.789587862899289e-06,0.999999998781282
lam0.5_n0.5,0.5,0.5,1,T(y),1.0,8.008493485111633e-06,6.560581438713384e-06,1.1116628855252234e-05,1.7895878629103912e-05,0.999999998781282
lam0.5_n0.5,0.5,0.5,1,mu_app(y),,9.400015715157983e-07,7.596676540570852e-07,9.593229877955138e-07,2.001207749291467e-06,0.99999999727216
lam0.5_n0.5,0.5,0.5,2,u(y),,1.6884720200665846e-06,1.330184963292172e-06,4.468747985161111e-06,3.495059909541798e-06,0.9999999998795929
lam0.5_n0.5,0.5,0.5,2,theta(y),,3.0573255944611296e-05,2.520056378080969e-05,4.2438885648683307e-05,5.742047220969049e-05,0.9999999822382825
lam0.5_n0.5,0.5,0.5,2,T(y),0.1,3.0573255944610958e-06,2.5200563780809905e-06,4.2438885648682846e-05,5.742047220966273e-06,0.9999999822382825
lam0.5_n0.5,0.5,0.5,2,T(y),1.0,3.0573255944611296e-05,2.520056378080969e-05,4.2438885648683307e-05,5.742047220969049e-05,0.9999999822382825
lam0.5_n0.5,0.5,0.5,2,mu_app(y),,8.304385063436805e-07,5.424227875766532e-07,8.475078906532168e-07,2.2355001321194834e-06,0.999999997870995
lam0.5_n0.5,0.5,0.5,3,u(y),,1.9161813790880557e-06,1.5052399595784956e-06,5.071408690956757e-06,4.106547440096975e-06,0.9999999998449265
lam0.5_n0.5,0.5,0.5,3,theta(y),,6.249388025613717e-05,5.188601248572754e-05,8.674805989710669e-05,0.0001189835972233988,0.9999999257875863
lam0.5_n0.5,0.5,0.5,3,T(y),0.1,6.249388025613456e-06,5.188601248572613e-06,8.674805989710304e-05,1.1898359722331553e-05,0.9999999257875863
lam0.5_n0.5,0.5,0.5,3,T(y),1.0,6.249388025613717e-05,5.188601248572754e-05,8.674805989710669e-05,0.0001189835972233988,0.9999999257875863
lam0.5_n0.5,0.5,0.5,3,mu_app(y),,6.415116607268904e-07,4.958332416339581e-07,6.546977172408262e-07,1.5655003662295996e-06,0.9999999987295112
lam0.5_n0.9,0.5,0.9,42,u(y),,1.9761673090394456e-06,1.6499381761530085e-06,5.382932269346902e-06,3.830583366504214e-06,0.9999999998277566
lam0.5_n0.9,0.5,0.9,42,theta(y),,3.137384353795454e-05,2.540613393293009e-05,4.4481038994306803e-05,6.668498498163533e-05,0.9999999806222406
lam0.5_n0.9,0.5,0.9,42,T(y),0.1,3.1373843537962255e-06,2.5406133932937058e-06,4.4481038994317734e-05,6.6684984981607576e-06,0.9999999806222406
lam0.5_n0.9,0.5,0.9,42,T(y),1.0,3.137384353795454e-05,2.540613393293009e-05,4.4481038994306803e-05,6.668498498163533e-05,0.9999999806222406
lam0.5_n0.9,0.5,0.9,42,mu_app(y),,1.4772996720888534e-07,1.2313766371678238e-07,1.4830775986260933e-07,2.9080657681923583e-07,0.9999999981141059
lam0.5_n0.9,0.5,0.9,0,u(y),,4.913187326110196e-07,3.839116572029634e-07,1.3383155607366085e-06,1.0251264163652074e-06,0.9999999999893532
lam0.5_n0.9,0.5,0.9,0,theta(y),,8.997241018893332e-06,7.302493116349028e-06,1.275605993631034e-05,1.6815485473165026e-05,0.9999999984063725
lam0.5_n0.9,0.5,0.9,0,T(y),0.1,8.997241018888522e-07,7.30249311634456e-07,1.2756059936303522e-05,1.6815485473220537e-06,0.9999999984063725
lam0.5_n0.9,0.5,0.9,0,T(y),1.0,8.997241018893332e-06,7.302493116349028e-06,1.275605993631034e-05,1.6815485473165026e-05,0.9999999984063725
lam0.5_n0.9,0.5,0.9,0,mu_app(y),,3.797323927687554e-08,2.9592372216565004e-08,3.812175794987612e-08,9.113503263158407e-08,0.999999999875395
lam0.5_n0.9,0.5,0.9,1,u(y),,6.5079777572068775e-06,5.2668673504332665e-06,1.772724572318159e-05,1.1734024434773005e-05,0.9999999981319546
lam0.5_n0.9,0.5,0.9,1,theta(y),,0.00012284764462587575,0.0001056327477154909,0.00017417027226363803,0.00022641925420563425,0.9999997029006001
lam0.5_n0.9,0.5,0.9,1,T(y),0.1,1.2284764462587132e-05,1.0563274771548895e-05,0.0001741702722636318,2.2641925420563425e-05,0.9999997029006001
lam0.5_n0.9,0.5,0.9,1,T(y),1.0,0.00012284764462587575,0.0001056327477154909,0.00017417027226363803,0.00022641925420563425,0.9999997029006001
lam0.5_n0.9,0.5,0.9,1,mu_app(y),,4.146490728928982e-07,3.4087369200946115e-07,4.1627082366369635e-07,8.743460939708569e-07,0.9999999851426453
lam0.5_n0.9,0.5,0.9,2,u(y),,3.953663320322229e-06,3.4455942219619654e-06,1.0769483824444208e-05,6.438443104272995e-06,0.9999999993105628
lam0.5_n0.9,0.5,0.9,2,theta(y),,3.0710943858958435e-05,2.426656731337283e-05,4.354119665605239e-05,6.977180800527005e-05,0.9999999814324572
lam0.5_n0.9,0.5,0.9,2,T(y),0.1,3.071094385895787e-06,2.426656731337071e-06,4.354119665605159e-05,6.977180800532556e-06,0.9999999814324572
lam0.5_n0.9,0.5,0.9,2,T(y),1.0,3.0710943858958435e-05,2.426656731337283e-05,4.354119665605239e-05,6.977180800527005e-05,0.9999999814324572
lam0.5_n0.9,0.5,0.9,2,mu_app(y),,2.965236270208812e-07,2.3574884842563054e-07,2.9768337257951935e-07,6.699533271481428e-07,0.9999999924020102
lam0.5_n0.9,0.5,0.9,3,u(y),,1.184890722966489e-06,9.580127475444518e-07,3.2275539014995324e-06,2.411005115054987e-06,0.999999999938077
lam0.5_n0.9,0.5,0.9,3,theta(y),,4.735263027165808e-05,3.936503916012537e-05,6.713535722993342e-05,9.08029518711384e-05,0.9999999558575614
lam0.5_n0.9,0.5,0.9,3,T(y),0.1,4.735263027166321e-06,3.936503916013002e-06,6.713535722994068e-05,9.080295187119392e-06,0.9999999558575614
lam0.5_n0.9,0.5,0.9,3,T(y),1.0,4.735263027165808e-05,3.936503916012537e-05,6.713535722993342e-05,9.08029518711384e-05,0.9999999558575614
lam0.5_n0.9,0.5,0.9,3,mu_app(y),,1.0695301066314895e-07,8.807955225940444e-08,1.0737131891178924e-07,2.0792549060288934e-07,0.999999999011524
