case,relaxation_time,power_law_index,field,brinkman_number,rmse_mean,rmse_std,rmse_count,mae_mean,mae_std,mae_count,relative_l2_mean,relative_l2_std,relative_l2_count,max_abs_error_mean,max_abs_error_std,max_abs_error_count,r2_mean,r2_std,r2_count
lam5_n0.3,5.0,0.3,u(y),,0.00023724918521574097,0.0001183470950609844,5,0.0002200429621716926,0.00011117445737477521,5,4.847776860162747e-05,2.418218247545981e-05,5,0.0003194239255485343,0.0001442330799121556,5,0.9999999749172217,2.0971409882705284e-08,5
lam5_n0.3,5.0,0.3,theta(y),,0.000531100732819229,0.00026954603413565867,5,0.0005079033436756429,0.0002587233540658827,5,7.255934386539331e-05,3.682556277899035e-05,5,0.0006314960536041525,0.0003117458584067191,5,0.9999999184815843,6.66211239375091e-08,5
lam5_n0.3,5.0,0.3,T(y),0.1,5.311007328192368e-05,2.6954603413566733e-05,5,5.0790334367564716e-05,2.5872335406589237e-05,5,7.255934386539436e-05,3.6825562778991534e-05,5,6.314960536040193e-05,3.1174585840652916e-05,5,0.9999999184815843,6.66211239375091e-08,5
lam5_n0.3,5.0,0.3,T(y),1.0,0.000531100732819229,0.00026954603413565867,5,0.0005079033436756429,0.0002587233540658827,5,7.255934386539331e-05,3.682556277899035e-05,5,0.0006314960536041525,0.0003117458584067191,5,0.9999999184815843,6.66211239375091e-08,5
lam5_n0.3,5.0,0.3,mu_app(y),,4.0094747083229115e-05,1.1435130557442185e-05,5,2.3279331778767083e-05,6.217018141487068e-06,5,8.940836631234211e-05,2.5499508441515938e-05,5,0.00015123395582286036,4.5764600728105705e-05,5,0.9999999832089506,9.242098531924512e-09,5
lam5_n0.5,5.0,0.5,u(y),,1.7130777907138828e-05,1.0404554546229453e-05,5,1.5056968388878417e-05,9.705613721795599e-06,5,1.3482845881495979e-05,8.18894542751445e-06,5,3.0381303471571643e-05,1.6152246820490936e-05,5,0.999999998193646,1.7756145425555772e-09,5
lam5_n0.5,5.0,0.5,theta(y),,4.3173167452359184e-05,2.7936621982450416e-05,5,4.011874774433075e-05,2.6889488043026856e-05,5,2.0535356628800946e-05,1.3288079825198703e-05,5,6.517714417784149e-05,3.283381230115908e-05,5,0.9999999935440232,6.144791408304141e-09,5
lam5_n0.5,5.0,0.5,T(y),0.1,4.31731674523684e-06,2.7936621982454184e-06,5,4.011874774433691e-06,2.68894880430315e-06,5,2.053535662880533e-05,1.3288079825200497e-05,5,6.517714417786369e-06,3.2833812301162825e-06,5,0.9999999935440232,6.144791408304141e-09,5
lam5_n0.5,5.0,0.5,T(y),1.0,4.3173167452359184e-05,2.7936621982450416e-05,5,4.011874774433075e-05,2.6889488043026856e-05,5,2.0535356628800946e-05,1.3288079825198703e-05,5,6.517714417784149e-05,3.283381230115908e-05,5,0.9999999935440232,6.144791408304141e-09,5
lam5_n0.5,5.0,0.5,mu_app(y),,2.1550334035626e-05,6.916881387230899e-06,5,1.3879491947529888e-05,4.59674346643915e-06,5,3.8353838960303454e-05,1.2310201521461845e-05,5,7.419645082658022e-05,2.3901259863289192e-05,5,0.9999999923357796,4.195382309751712e-09,5
lam5_n0.9,5.0,0.9,u(y),,5.05728818276031e-06,1.9306987617635e-06,5,4.0258546172562434e-06,1.489139832389573e-06,5,1.2034294930754009e-05,4.5942800730058244e-06,5,1.1380733413934862e-05,5.009778817257286e-06,5,0.9999999990111046,7.092530910415994e-10,5
lam5_n0.9,5.0,0.9,theta(y),,3.423425027929052e-05,1.3887854228125535e-05,5,2.6127578544343423e-05,1.1831648811688465e-05,5,4.3063068536656755e-05,1.7469452772408204e-05,5,8.052693575746339e-05,2.892906574412474e-05,5,0.9999999791000096,1.4176538825122116e-08,5
lam5_n0.9,5.0,0.9,T(y),0.1,3.423425027928854e-06,1.3887854228124524e-06,5,2.6127578544342556e-06,1.1831648811687098e-06,5,4.306306853665427e-05,1.7469452772406937e-05,5,8.052693575746894e-06,2.892906574412712e-06,5,0.9999999791000096,1.4176538825122116e-08,5
lam5_n0.9,5.0,0.9,T(y),1.0,3.423425027929052e-05,1.3887854228125535e-05,5,2.6127578544343423e-05,1.1831648811688465e-05,5,4.3063068536656755e-05,1.7469452772408204e-05,5,8.052693575746339e-05,2.892906574412474e-05,5,0.9999999791000096,1.4176538825122116e-08,5
lam5_n0.9,5.0,0.9,mu_app(y),,9.807396896547442e-06,2.611953191846909e-06,5,7.693896700103502e-06,2.022767831796781e-06,5,1.078499877726733e-05,2.8723128346386444e-06,5,2.5868029994269293e-05,6.20369364260371e-06,5,0.99999996128308,2.0297798039853482e-08,5
lam2_n0.3,2.0,0.3,u(y),,2.3789942402349048e-05,2.756825027726108e-05,5,2.16595937607903e-05,2.556715079932655e-05,5,2.357207189423616e-05,2.73157776737504e-05,5,3.8747664587623906e-05,3.796371331268483e-05,5,0.9999999896947662,1.9902267846542294e-08,5
lam2_n0.3,2.0,0.3,theta(y),,5.4715610334151105e-05,6.04088621424442e-05,5,4.915661260789529e-05,5.868480185971744e-05,5,3.5911819213859864e-05,3.964850474893449e-05,5,9.000933757565832e-05,7.619032781327487e-05,5,0.9999999685442781,5.998292415960689e-08,5
lam2_n0.3,2.0,0.3,T(y),0.1,5.471561033414501e-06,6.0408862142442794e-06,5,4.9156612607889645e-06,5.86848018597152e-06,5,3.591181921385586e-05,3.9648504748933565e-05,5,9.00093375755251e-06,7.619032781327411e-06,5,0.9999999685442781,5.998292415960689e-08,5
lam2_n0.3,2.0,0.3,T(y),1.0,5.4715610334151105e-05,6.04088621424442e-05,5,4.915661260789529e-05,5.868480185971744e-05,5,3.5911819213859864e-05,3.964850474893449e-05,5,9.000933757565832e-05,7.619032781327487e-05,5,0.9999999685442781,5.998292415960689e-08,5
lam2_n0.3,2.0,0.3,mu_app(y),,2.5634753239420092e-05,1.3798000463927014e-05,5,1.8886850024980665e-05,9.869613460961991e-06,5,3.676950764222983e-05,1.979132308266885e-05,5,6.906871856707797e-05,4.277035915292933e-05,5,0.9999999887693007,1.238601882440358e-08,5
lam2_n0.5,2.0,0.5,u(y),,9.340863045678406e-06,4.284946722059612e-06,5,7.992922388699985e-06,4.000922580617107e-06,5,1.596464283037425e-05,7.3234821697245345e-06,5,2.0257507224030748e-05,7.662146509668201e-06,5,0.9999999978826158,1.7033418556536416e-09,5
lam2_n0.5,2.0,0.5,theta(y),,5.085557682987037e-05,1.8650066974513144e-05,5,3.911080923146665e-05,1.3041612513003253e-05,5,5.002719322652475e-05,1.834627709253681e-05,5,0.00011413980248780043,4.263398575024697e-05,5,0.9999999700588722,2.2349516829377802e-08,5
lam2_n0.5,2.0,0.5,T(y),0.1,5.085557682987055e-06,1.865006697451112e-06,5,3.911080923146739e-06,1.3041612513002451e-06,5,5.002719322652492e-05,1.8346277092534827e-05,5,1.1413980248781152e-05,4.263398575023957e-06,5,0.9999999700588722,2.2349516829377802e-08,5
lam2_n0.5,2.0,0.5,T(y),1.0,5.085557682987037e-05,1.8650066974513144e-05,5,3.911080923146665e-05,1.3041612513003253e-05,5,5.002719322652475e-05,1.834627709253681e-05,5,0.00011413980248780043,4.263398575024697e-05,5,0.9999999700588722,2.2349516829377802e-08,5
lam2_n0.5,2.0,0.5,mu_app(y),,2.0297453199367505e-05,6.883368579002288e-06,5,1.4476612930930735e-05,4.747828762341611e-06,5,2.555738554324676e-05,8.667141777930742e-06,5,5.437949276101417e-05,2.074449999965071e-05,5,0.9999999837069332,9.663257713739652e-09,5
lam2_n0.9,2.0,0.9,u(y),,8.9819653899077e-06,2.977488817699713e-06,5,7.099758791312653e-06,2.4252016468553368e-06,5,2.318881508979862e-05,7.687007757028473e-06,5,1.9516713252087926e-05,6.163798460519928e-06,5,0.9999999964607916,2.312898347208519e-09,5
lam2_n0.9,2.0,0.9,theta(y),,4.601846839191887e-05,1.598591818852507e-05,5,3.731361510554766e-05,1.3696320642359243e-05,5,6.243083522593449e-05,2.1687254253301807e-05,5,9.991804854228014e-05,3.357033190890728e-05,5,0.9999999577330569,2.826628610552216e-08,5
lam2_n0.9,2.0,0.9,T(y),0.1,4.601846839191514e-06,1.5985918188524008e-06,5,3.7313615105544626e-06,1.3696320642357645e-06,5,6.243083522592942e-05,2.1687254253300374e-05,5,9.991804854225794e-06,3.3570331908958827e-06,5,0.9999999577330569,2.826628610552216e-08,5
lam2_n0.9,2.0,0.9,T(y),1.0,4.601846839191887e-05,1.598591818852507e-05,5,3.731361510554766e-05,1.3696320642359243e-05,5,6.243083522593449e-05,2.1687254253301807e-05,5,9.991804854228014e-05,3.357033190890728e-05,5,0.9999999577330569,2.826628610552216e-08,5
lam2_n0.9,2.0,0.9,mu_app(y),,6.51391616416902e-06,2.014220048260515e-06,5,5.3402291043374205e-06,1.8094859945823832e-06,5,6.761092354323431e-06,2.0906513723847456e-06,5,1.4500885453960777e-05,3.366495810254559e-06,5,0.9999999354562922,3.952521762826591e-08,5
lam0.5_n0.3,0.5,0.3,u(y),,2.046373006678446e-06,8.645914229915446e-07,5,1.721873442238942e-06,7.442394134434958e-07,5,5.329680159713787e-06,2.2517868142016675e-06,5,3.8457264496027935e-06,1.4366934618679873e-06,5,0.999999999802623,1.3295479705438293e-10,5
lam0.5_n0.3,0.5,0.3,theta(y),,2.440763847069997e-05,1.4005368591395489e-05,5,2.0538587142165777e-05,1.1646143908107446e-05,5,3.349152354427111e-05,1.9217800709724506e-05,5,4.5189028421255276e-05,2.565394678616357e-05,5,0.9999999859685109,1.5228181512378267e-08,5
lam0.5_n0.3,0.5,0.3,T(y),0.1,2.440763847069998e-06,1.4005368591394235e-06,5,2.053858714216606e-06,1.1646143908107703e-06,5,3.3491523544271116e-05,1.9217800709722785e-05,5,4.518902842123862e-06,2.565394678613489e-06,5,0.9999999859685109,1.5228181512378267e-08,5
lam0.5_n0.3,0.5,0.3,T(y),1.0,2.440763847069997e-05,1.4005368591395489e-05,5,2.0538587142165777e-05,1.1646143908107446e-05,5,3.349152354427111e-05,1.9217800709724506e-05,5,4.5189028421255276e-05,2.565394678616357e-05,5,0.9999999859685109,1.5228181512378267e-08,5
lam0.5_n0.3,0.5,0.3,mu_app(y),,1.471269717746729e-06,6.039703360869942e-07,5,1.1444698745833812e-06,4.891021943798815e-07,5,1.5147749006220533e-06,6.218296310930639e-07,5,3.428940009508885e-06,1.3442092432457126e-06,5,0.9999999963696148,2.5599806688383278e-09,5
lam0.5_n0.5,0.5,0.5,u(y),,1.7292238800041898e-06,3.5437541034148536e-07,5,1.3765403460757352e-06,3.498282587520914e-07,5,4.576602773291127e-06,9.378979231718067e-07,5,3.5504741002778673e-06,6.296494064867658e-07,5,0.9999999998694676,5.085032118628682e-11,5
lam0.5_n0.5,0.5,0.5,theta(y),,2.932434170570244e-05,2.077569893416977e-05,5,2.4400678599639033e-05,1.7220167056250094e-05,5,4.0705261704079954e-05,2.883884899063578e-05,5,5.603214153528935e-05,3.8649389481400624e-05,5,0.9999999770982761,2.9548702948064297e-08,5
lam0.5_n0.5,0.5,0.5,T(y),0.1,2.932434170570037e-06,2.0775698934169246e-06,5,2.4400678599637517e-06,1.7220167056249796e-06,5,4.0705261704077074e-05,2.8838848990635048e-05,5,5.603214153523939e-06,3.8649389481394355e-06,5,0.9999999770982761,2.9548702948064297e-08,5
lam0.5_n0.5,0.5,0.5,T(y),1.0,2.932434170570244e-05,2.077569893416977e-05,5,2.4400678599639033e-05,1.7220167056250094e-05,5,4.0705261704079954e-05,2.883884899063578e-05,5,5.603214153528935e-05,3.8649389481400624e-05,5,0.9999999770982761,2.9548702948064297e-08,5
lam0.5_n0.5,0.5,0.5,mu_app(y),,7.152175430627533e-07,2.0857412472281038e-07,5,5.296449422663555e-07,1.575743284423468e-07,5,7.29918599208635e-07,2.128612957351399e-07,5,1.7626881999355248e-06,4.983651912028566e-07,5,0.9999999983133551,8.541007888588659e-10,5
lam0.5_n0.9,0.5,0.9,u(y),,2.822803568429212e-06,2.4338614157743317e-06,5,2.340864830659131e-06,2.000077687398337e-06,5,7.689106255841769e-06,6.629656858587613e-06,5,5.087836487394082e-06,4.220416957855217e-06,5,0.9999999994395408,7.790957109938613e-10,5
lam0.5_n0.9,0.5,0.9,theta(y),,4.825646066266803e-05,4.387144823896255e-05,5,4.039459624765365e-05,3.81999051185168e-05,5,6.84167850160482e-05,6.219982570810106e-05,5,9.409889690736861e-05,7.879656672986042e-05,5,0.9999999238438464,1.2443934311761917e-07,5
lam0.5_n0.9,0.5,0.9,T(y),0.1,4.825646066266864e-06,4.387144823896103e-06,5,4.039459624765426e-06,3.819990511851644e-06,5,6.841678501604906e-05,6.219982570809893e-05,5,9.409889690739637e-06,7.879656672984437e-06,5,0.9999999238438464,1.2443934311761917e-07,5
lam0.5_n0.9,0.5,0.9,T(y),1.0,4.825646066266803e-05,4.387144823896255e-05,5,4.039459624765365e-05,3.81999051185168e-05,5,6.84167850160482e-05,6.219982570810106e-05,5,9.409889690736861e-05,7.879656672986042e-05,5,0.9999999238438464,1.2443934311761917e-07,5
lam0.5_n0.9,0.5,0.9,mu_app(y),,2.0076578341253783e-07,1.5250464967414698e-07,5,1.634864257255687e-07,1.2442863084998837e-07,5,2.015510065934981e-07,1.5310111678170335e-07,5,4.268333042345418e-07,3.310937456056104e-07,5,0.999999994909136,6.193447510728872e-09,5
