phase,step,loss_pde_momentum,loss_pde_energy,loss_total,global_step
Adam,0,1.0145321513860683,0.011221476034609865,1.0257536274206782,0.0
Adam,5000,3.12146060905049e-06,3.2365494344901168e-06,6.358010043540607e-06,5000.0
Adam,5000,3.12146060905049e-06,3.2365494344901168e-06,6.358010043540607e-06,5000.0
Adam,6000,9.218298141589414e-08,8.419078388146089e-08,1.7637376529735503e-07,6000.0
Adam,7000,9.200708653495105e-08,8.401363868057595e-08,1.76020725215527e-07,7000.0
Adam,8000,9.183802129770413e-08,8.384787043570058e-08,1.7568589173340473e-07,8000.0
Adam,9000,9.16866810923723e-08,8.368009831508974e-08,1.7536677940746205e-07,9000.0
Adam,10000,9.152476046632108e-08,8.353983752310645e-08,1.7506459798942753e-07,10000.0
Adam,11000,9.138222855174433e-08,8.339409569339958e-08,1.7477632424514392e-07,11000.0
Adam,12000,9.124830987644612e-08,8.325432578061261e-08,1.7450263565705871e-07,12000.0
Adam,13000,9.109994103248529e-08,8.314243730505468e-08,1.7424237833753998e-07,13000.0
Adam,14000,9.097962775454511e-08,8.301311163009325e-08,1.7399273938463837e-07,14000.0
Adam,15000,9.084804028396387e-08,8.290750036965127e-08,1.7375554065361515e-07,15000.0
Adam,16000,9.073696112799533e-08,8.27920357802112e-08,1.7352899690820652e-07,16000.0
Adam,17000,9.061093744804166e-08,8.27022132216701e-08,1.7331315066971176e-07,17000.0
Adam,18000,9.050965892068994e-08,8.259589538319621e-08,1.7310555430388616e-07,18000.0
Adam,19000,9.039494231987883e-08,8.251282580140627e-08,1.729077681212851e-07,19000.0
Adam,20000,9.029321114988741e-08,8.242484530546716e-08,1.7271805645535458e-07,20000.0
L-BFGS,0,1.0145321513860683,0.011221476034609865,1.0257536274206782,20001.0
L-BFGS,5000,3.12146060905049e-06,3.2365494344901168e-06,6.358010043540607e-06,25001.0
L-BFGS,5000,3.12146060905049e-06,3.2365494344901168e-06,6.358010043540607e-06,25001.0
L-BFGS,6000,9.218298141589414e-08,8.419078388146089e-08,1.7637376529735503e-07,26001.0
L-BFGS,7000,9.200708653495105e-08,8.401363868057595e-08,1.76020725215527e-07,27001.0
L-BFGS,8000,9.183802129770413e-08,8.384787043570058e-08,1.7568589173340473e-07,28001.0
L-BFGS,9000,9.16866810923723e-08,8.368009831508974e-08,1.7536677940746205e-07,29001.0
L-BFGS,10000,9.152476046632108e-08,8.353983752310645e-08,1.7506459798942753e-07,30001.0
L-BFGS,11000,9.138222855174433e-08,8.339409569339958e-08,1.7477632424514392e-07,31001.0
L-BFGS,12000,9.124830987644612e-08,8.325432578061261e-08,1.7450263565705871e-07,32001.0
L-BFGS,13000,9.109994103248529e-08,8.314243730505468e-08,1.7424237833753998e-07,33001.0
L-BFGS,14000,9.097962775454511e-08,8.301311163009325e-08,1.7399273938463837e-07,34001.0
L-BFGS,15000,9.084804028396387e-08,8.290750036965127e-08,1.7375554065361515e-07,35001.0
L-BFGS,16000,9.073696112799533e-08,8.27920357802112e-08,1.7352899690820652e-07,36001.0
L-BFGS,17000,9.061093744804166e-08,8.27022132216701e-08,1.7331315066971176e-07,37001.0
L-BFGS,18000,9.050965892068994e-08,8.259589538319621e-08,1.7310555430388616e-07,38001.0
L-BFGS,19000,9.039494231987883e-08,8.251282580140627e-08,1.729077681212851e-07,39001.0
L-BFGS,20000,9.029321114988741e-08,8.242484530546716e-08,1.7271805645535458e-07,40001.0
